Date,Week,Day,Task,Status,Time_Min,Issues,Next_Action
9/8/2025,1,1,Project_Structure,Completed,45,None,Git_setup
9/9/2025,1,2,Git_Setup,Completed,30,None,React_creation
9/10/2025,1,3,React_Project,Completed,45,Styling_issues,API_integration
9/11/2025,1,4,First_API_Call,Completed,30,None,Component_structure
9/12/2025,1,5,Basic_Components,Completed,45,None,Week_2_planning
9/15/2025,2,1,MCP_Desktop_Setup_Filesystem_Integration,Completed,60,None,Existing_MCP_Servers_Exploration
9/16/2025,2,2,Existing_MCP_Servers_SQLite_Integration,,45,,Custom_Crypto_MCP_Server_Dev_Start
9/17/2025,2,3,Custom_Crypto_MCP_Server_Development,,60,,MCP_Server_Testing_Local
9/18/2025,2,4,MCP_Server_Testing_Local_Debugging,,60,,Watchlist_Component_MCP_Integration
9/19/2025,2,5,Watchlist_Component_MCP_Integration,,45,,Week_3_Custom_MCP_Production
9/20/2025,3,1,Custom_MCP_Server_Production_Ready,,75,,Production_JSON_Config_Setup
9/21/2025,3,2,Production_JSON_Config_Docker_Containers,,60,,API_Based_Tool_Servers_No_Desktop
9/22/2025,3,3,API_Based_Tool_Servers_Deploy_Anywhere,,60,,LangGraph_Multi_Agent_Orchestration
9/23/2025,3,4,LangGraph_Multi_Agent_Orchestration,,75,,Firebase_MCP_Integration
9/24/2025,3,5,Firebase_MCP_Integration_Full_Test,,60,,Week_4_Dashboard_Deployment
9/25/2025,4,1,Dashboard_Design_Modern_Dark_Theme,,60,,Market_Overview_Tab_Animated
9/26/2025,4,2,Market_Overview_Tab_Animated_Components,,45,,Watchlist_Tab_Bull_Run_Bag_Section
9/27/2025,4,3,Watchlist_Tab_Portfolio_Tracking,,45,,Risk_Signals_Tab_Trading_Synthesis
9/28/2025,4,4,Risk_Signals_Tab_Events_Discovery,,45,,Vercel_Deployment_Production_MCP
9/29/2025,4,5,Vercel_Deployment_GitHub_Actions_Auto,,45,,Week_5_Interactive_Analyst
9/30/2025,5,1,Interactive_Query_Processing_NL,,45,,Context_Memory_Conversation_History
10/1/2025,5,2,Context_Memory_Persistent_Firebase,,45,,Portfolio_Specific_Recommendations
10/2/2025,5,3,Portfolio_Recommendations_DeFi_Strategies,,60,,Risk_Assessment_Smart_Warnings
10/3/2025,5,4,Risk_Assessment_User_Queries,,45,,Strategy_Comparison_Yield_Analysis
10/4/2025,5,5,Strategy_Comparison_DeFi_Opportunities,,60,,Week_6_Advanced_Features
10/5/2025,6,1,File_Upload_Multimodal_Screenshot_Analysis,,45,,Advanced_Risk_Modeling_Sophisticated
10/6/2025,6,2,Advanced_Risk_Modeling_Safety_Assessment,,45,,Performance_Optimization_Fast_Reliable
10/7/2025,6,3,Performance_Optimization_Caching,,30,,User_Preferences_Customization
10/8/2025,6,4,User_Preferences_Tailored_Experience,,45,,Documentation_Testing_Polish
10/9/2025,6,5,Documentation_Testing_Production_Ready,,60,,Project_Complete_Portfolio_Showcase
