Date,Week,Day,Task,Status,Time_Min,Files_Created,Issues,Next_Action
9/8/2025,1,1,Project_Structure,Completed,45,Directory structure,None,Git_setup
9/9/2025,1,2,Git_Setup,Completed,30,.gitignore,None,React_creation
9/10/2025,1,3,React_Project,,45,,,API_integration
9/11/2025,1,4,First_API_Call,,30,,,Component_structure
9/12/2025,1,5,Basic_Components,,45,,,Week_2_planning
9/13/2025,2,1,LangGraph_Setup_MCP_Overview,,60,,,Market_Data_Agent_FileSystem_MCP
9/14/2025,2,2,Market_Data_Agent_FileSystem_MCP,,60,,,News_Agent_Explore_MCP_Ecosystem
9/15/2025,2,3,News_Agent_Explore_MCP_Ecosystem,,45,,,Risk_Agent_Plan_Custom_MCP
9/16/2025,2,4,Risk_Agent_Plan_Custom_MCP,,60,,,Agent_Orchestration_MCP_Dev_Start
9/17/2025,2,5,Agent_Orchestration_MCP_Dev_Start,,60,,,Week_3_planning
9/18/2025,3,1,Build_Crypto_Data_MCP_Server,,75,,,Analyst_Agent_MCP_Testing
9/19/2025,3,2,Analyst_Agent_MCP_Testing,,60,,,News_Intelligence_Firebase_MCP
9/20/2025,3,3,News_Intelligence_Firebase_MCP,,60,,,Presenter_Agent_MCP_Deploy
9/21/2025,3,4,Presenter_Agent_MCP_Deploy,,45,,,Firebase_Integration_Full_MCP_Test
9/22/2025,3,5,Firebase_Integration_Full_MCP_Test,,60,,,Week_4_planning
9/23/2025,4,1,Dashboard_Design,,60,,,Market_Overview_Tab
9/24/2025,4,2,Market_Overview_Tab,,45,,,Portfolio_Tab
9/25/2025,4,3,Portfolio_Tracking,,45,,,Vercel_Deployment
9/26/2025,4,4,Vercel_Deployment,,45,,,GitHub_Actions
9/27/2025,4,5,Automation_Polish,,45,,,Week_5_planning
9/28/2025,5,1,Interactive_Query,,45,,,Context_Memory
9/29/2025,5,2,Context_Memory,,45,,,Portfolio_Recommendations
9/30/2025,5,3,Portfolio_Recommendations,,60,,,Risk_Assessment
10/1/2025,5,4,Risk_Assessment,,45,,,Strategy_Comparison
10/2/2025,5,5,Strategy_Comparison,,60,,,Week_6_planning
10/3/2025,6,1,File_Upload_Feature,,45,,,Advanced_Risk_Modeling
10/4/2025,6,2,Advanced_Risk_Modeling,,45,,,Performance_Optimization
10/5/2025,6,3,Performance_Optimization,,30,,,User_Preferences
10/6/2025,6,4,User_Preferences,,45,,,Final_Polish
10/7/2025,6,5,Documentation_Testing,,60,,,Project_Complete
